"$I File Name","$R File Name","Size (Bytes)","Timestamp (UTC)","Original File Name With Path","Original File Name","MD5 Hash"
"$I01XCGF.txt","$R01XCGF.txt","49","12-14-1642 08:40:03 UTC","C : \ U s e r s \ f l a g \ D e s k t o p \ f l a g . t x t   "," f l a g . t x t   ","72ccbd51593cb6d2c1b2a5b1b5d025af"
"$I08ZI07.txt","$R08ZI07.txt","50","12-14-1642 08:40:04 UTC","C : \ U s e r s \ f l a g \ D e s k t o p \ f l a g . t x t   "," f l a g . t x t   ","ec706d437eed73bbd601f839da406614"
"$I0AP14L.txt","$R0AP14L.txt","100","12-14-1642 08:40:11 UTC","C : \ U s e r s \ f l a g \ D e s k t o p \ f l a g . t x t   "," f l a g . t x t   ","0c5610f24ad2fa0b8fd86e1f6905352c"
"$I17RAD1.txt","$R17RAD1.txt","53","12-14-1642 08:40:01 UTC","C : \ U s e r s \ f l a g \ D e s k t o p \ f l a g . t x t   "," f l a g . t x t   ","bc7567fdf14b2a67c390ec02af38f659"
"$I198LLE.txt","$R198LLE.txt","101","12-14-1642 08:40:00 UTC","C : \ U s e r s \ f l a g \ D e s k t o p \ f l a g . t x t   "," f l a g . t x t   ","b3864457646b2f3b70379c71ac08a9a8"
"$I1D6OCR.txt","$R1D6OCR.txt","108","12-14-1642 08:39:41 UTC","C : \ U s e r s \ f l a g \ D e s k t o p \ f l a g . t x t   "," f l a g . t x t   ","5d6ea5b4b5ab17965ff3c5df15ef260e"
"$I1MMUNX.txt","$R1MMUNX.txt","103","12-14-1642 08:39:43 UTC","C : \ U s e r s \ f l a g \ D e s k t o p \ f l a g . t x t   "," f l a g . t x t   ","e676dea95705535d0d515dd2abf29252"
"$I1WD5RF.txt","$R1WD5RF.txt","100","12-14-1642 08:39:57 UTC","C : \ U s e r s \ f l a g \ D e s k t o p \ f l a g . t x t   "," f l a g . t x t   ","9376fe5538aef701842f6e125964a9f1"
"$I2CVFM2.txt","$R2CVFM2.txt","56","12-14-1642 08:40:02 UTC","C : \ U s e r s \ f l a g \ D e s k t o p \ f l a g . t x t   "," f l a g . t x t   ","7de512d181f9f3e0597c210898885021"
"$I2FNXOW.txt","$R2FNXOW.txt","48","12-14-1642 08:40:10 UTC","C : \ U s e r s \ f l a g \ D e s k t o p \ f l a g . t x t   "," f l a g . t x t   ","f098d60853e181b75720037023fcf906"
"$I2J48PI.txt","$R2J48PI.txt","98","12-14-1642 08:39:50 UTC","C : \ U s e r s \ f l a g \ D e s k t o p \ f l a g . t x t   "," f l a g . t x t   ","8da7f328f3939e8d84187d9fa3b190a1"
"$I2ZP91D.txt","$R2ZP91D.txt","50","12-14-1642 08:39:49 UTC","C : \ U s e r s \ f l a g \ D e s k t o p \ f l a g . t x t   "," f l a g . t x t   ","95d28931b9e67cf2e39604c0d40d6c63"
"$I3B7EP8.txt","$R3B7EP8.txt","56","12-14-1642 08:40:08 UTC","C : \ U s e r s \ f l a g \ D e s k t o p \ f l a g . t x t   "," f l a g . t x t   ","c56bf62d7e2d7761b1be6be30f16295a"
"$I3O4FNO.txt","$R3O4FNO.txt","54","12-14-1642 08:39:53 UTC","C : \ U s e r s \ f l a g \ D e s k t o p \ f l a g . t x t   "," f l a g . t x t   ","bd4a8aa7d113c4c91ae31052bac3eb6d"
"$I3Y2C18.txt","$R3Y2C18.txt","108","12-14-1642 08:39:41 UTC","C : \ U s e r s \ f l a g \ D e s k t o p \ f l a g . t x t   "," f l a g . t x t   ","5d6ea5b4b5ab17965ff3c5df15ef260e"
"$I467CFX.txt","$R467CFX.txt","100","12-14-1642 08:40:11 UTC","C : \ U s e r s \ f l a g \ D e s k t o p \ f l a g . t x t   "," f l a g . t x t   ","0c5610f24ad2fa0b8fd86e1f6905352c"
"$I4S3J0O.txt","$R4S3J0O.txt","55","12-14-1642 08:39:54 UTC","C : \ U s e r s \ f l a g \ D e s k t o p \ f l a g . t x t   "," f l a g . t x t   ","7cfaa86d910729f253a289e2f4562896"
"$I4VAGUQ.txt","$R4VAGUQ.txt","125","12-14-1642 08:40:17 UTC","C : \ U s e r s \ f l a g \ D e s k t o p \ f l a g . t x t   "," f l a g . t x t   ","5caa439e471a3f43c792d833c3748b8f"
"$I4VJ9VP.txt","$R4VJ9VP.txt","50","12-14-1642 08:39:47 UTC","C : \ U s e r s \ f l a g \ D e s k t o p \ f l a g . t x t   "," f l a g . t x t   ","d89adc3b18caab36f8952cba64555f6f"
"$I59AMQZ.txt","$R59AMQZ.txt","50","12-14-1642 08:39:47 UTC","C : \ U s e r s \ f l a g \ D e s k t o p \ f l a g . t x t   "," f l a g . t x t   ","d89adc3b18caab36f8952cba64555f6f"
"$I5F20WX.txt","$R5F20WX.txt","48","12-14-1642 08:39:51 UTC","C : \ U s e r s \ f l a g \ D e s k t o p \ f l a g . t x t   "," f l a g . t x t   ","ce41832bfa2d4c255b8c3de1de9a9290"
"$I5HCDNO.txt","$R5HCDNO.txt","48","12-14-1642 08:40:10 UTC","C : \ U s e r s \ f l a g \ D e s k t o p \ f l a g . t x t   "," f l a g . t x t   ","f098d60853e181b75720037023fcf906"
"$I5RPN3M.txt","$R5RPN3M.txt","51","12-14-1642 08:40:14 UTC","C : \ U s e r s \ f l a g \ D e s k t o p \ f l a g . t x t   "," f l a g . t x t   ","f1d301fb7f7bbfa6f234c89563b3e961"
"$I60PUB8.txt","$R60PUB8.txt","101","12-14-1642 08:40:13 UTC","C : \ U s e r s \ f l a g \ D e s k t o p \ f l a g . t x t   "," f l a g . t x t   ","bd5acfea3801be1abf4b2b9d69e848ba"
"$I61YGX7.txt","$R61YGX7.txt","55","12-14-1642 08:40:06 UTC","C : \ U s e r s \ f l a g \ D e s k t o p \ f l a g . t x t   "," f l a g . t x t   ","c9eebe932164e324dd9a8f08a34624be"
"$I65140O.txt","$R65140O.txt","57","12-14-1642 08:40:16 UTC","C : \ U s e r s \ f l a g \ D e s k t o p \ f l a g . t x t   "," f l a g . t x t   ","6162fa4a6bd70f3f0967986a8ead00f4"
"$I6676MD.txt","$R6676MD.txt","53","12-14-1642 08:40:01 UTC","C : \ U s e r s \ f l a g \ D e s k t o p \ f l a g . t x t   "," f l a g . t x t   ","bc7567fdf14b2a67c390ec02af38f659"
"$I7MXUTD.txt","$R7MXUTD.txt","53","12-14-1642 08:40:12 UTC","C : \ U s e r s \ f l a g \ D e s k t o p \ f l a g . t x t   "," f l a g . t x t   ","82e91cde2be6988ce9b9e6c999407f94"
"$I7QCZXB.txt","$R7QCZXB.txt","55","12-14-1642 08:39:54 UTC","C : \ U s e r s \ f l a g \ D e s k t o p \ f l a g . t x t   "," f l a g . t x t   ","7cfaa86d910729f253a289e2f4562896"
"$I7UPDZU.txt","$R7UPDZU.txt","49","12-14-1642 08:40:03 UTC","C : \ U s e r s \ f l a g \ D e s k t o p \ f l a g . t x t   "," f l a g . t x t   ","72ccbd51593cb6d2c1b2a5b1b5d025af"
"$I8Q6O5D.txt","$R8Q6O5D.txt","97","12-14-1642 08:39:42 UTC","C : \ U s e r s \ f l a g \ D e s k t o p \ f l a g . t x t   "," f l a g . t x t   ","dcbf5da95032e98424b14ef83c645706"
"$I90UOKS.txt","$R90UOKS.txt","49","12-14-1642 08:39:58 UTC","C : \ U s e r s \ f l a g \ D e s k t o p \ f l a g . t x t   "," f l a g . t x t   ","00ce9b1f3dedf2548e13d20d7c0ed167"
"$I99VSUL.txt","$R99VSUL.txt","51","12-14-1642 08:40:14 UTC","C : \ U s e r s \ f l a g \ D e s k t o p \ f l a g . t x t   "," f l a g . t x t   ","f1d301fb7f7bbfa6f234c89563b3e961"
"$I9PGBL6.txt","$R9PGBL6.txt","48","12-14-1642 08:39:51 UTC","C : \ U s e r s \ f l a g \ D e s k t o p \ f l a g . t x t   "," f l a g . t x t   ","ce41832bfa2d4c255b8c3de1de9a9290"
"$IA88SVT.txt","$RA88SVT.txt","98","12-14-1642 08:39:50 UTC","C : \ U s e r s \ f l a g \ D e s k t o p \ f l a g . t x t   "," f l a g . t x t   ","8da7f328f3939e8d84187d9fa3b190a1"
"$IABA5GX.txt","$RABA5GX.txt","57","12-14-1642 08:40:16 UTC","C : \ U s e r s \ f l a g \ D e s k t o p \ f l a g . t x t   "," f l a g . t x t   ","6162fa4a6bd70f3f0967986a8ead00f4"
"$IAKHV8Y.txt","$RAKHV8Y.txt","56","12-14-1642 08:40:08 UTC","C : \ U s e r s \ f l a g \ D e s k t o p \ f l a g . t x t   "," f l a g . t x t   ","c56bf62d7e2d7761b1be6be30f16295a"
"$IAZPA8T.txt","$RAZPA8T.txt","49","12-14-1642 08:39:58 UTC","C : \ U s e r s \ f l a g \ D e s k t o p \ f l a g . t x t   "," f l a g . t x t   ","00ce9b1f3dedf2548e13d20d7c0ed167"
"$IC04FJS.txt","$RC04FJS.txt","123","12-14-1642 08:39:44 UTC","C : \ U s e r s \ f l a g \ D e s k t o p \ f l a g . t x t   "," f l a g . t x t   ","ce871141e53d5eb131cb8ca1663552ac"
"$ICVE4M2.txt","$RCVE4M2.txt","101","12-14-1642 08:39:56 UTC","C : \ U s e r s \ f l a g \ D e s k t o p \ f l a g . t x t   "," f l a g . t x t   ","5929c9fec7dea3ffeec1c0d27ac87d98"
"$ID557GC.txt","$RD557GC.txt","49","12-14-1642 08:39:55 UTC","C : \ U s e r s \ f l a g \ D e s k t o p \ f l a g . t x t   "," f l a g . t x t   ","28193872d0b6ae1811671b1215274f29"
"$IDEBQ1M.txt","$RDEBQ1M.txt","48","12-14-1642 08:39:51 UTC","C : \ U s e r s \ f l a g \ D e s k t o p \ f l a g . t x t   "," f l a g . t x t   ","ce41832bfa2d4c255b8c3de1de9a9290"
"$IDWR2DY.txt","$RDWR2DY.txt","48","12-14-1642 08:40:10 UTC","C : \ U s e r s \ f l a g \ D e s k t o p \ f l a g . t x t   "," f l a g . t x t   ","f098d60853e181b75720037023fcf906"
"$IE0RMKA.txt","$RE0RMKA.txt","53","12-14-1642 08:40:01 UTC","C : \ U s e r s \ f l a g \ D e s k t o p \ f l a g . t x t   "," f l a g . t x t   ","bc7567fdf14b2a67c390ec02af38f659"
"$IEFXDY8.txt","$REFXDY8.txt","108","12-14-1642 08:39:41 UTC","C : \ U s e r s \ f l a g \ D e s k t o p \ f l a g . t x t   "," f l a g . t x t   ","5d6ea5b4b5ab17965ff3c5df15ef260e"
"$IEXEX7I.txt","$REXEX7I.txt","101","12-14-1642 08:40:13 UTC","C : \ U s e r s \ f l a g \ D e s k t o p \ f l a g . t x t   "," f l a g . t x t   ","bd5acfea3801be1abf4b2b9d69e848ba"
"$IEYL8JP.txt","$REYL8JP.txt","98","12-14-1642 08:39:48 UTC","C : \ U s e r s \ f l a g \ D e s k t o p \ f l a g . t x t   "," f l a g . t x t   ","b194e35002beacef32feb525638e0a49"
"$IFRUSE0.txt","$RFRUSE0.txt","56","12-14-1642 08:40:07 UTC","C : \ U s e r s \ f l a g \ D e s k t o p \ f l a g . t x t   "," f l a g . t x t   ","4e391781330bdf8a6c61b2cc485de123"
"$IFUV73N.txt","$RFUV73N.txt","54","12-14-1642 08:40:05 UTC","C : \ U s e r s \ f l a g \ D e s k t o p \ f l a g . t x t   "," f l a g . t x t   ","b66bafe543a91770fbd056a2cd4b08b7"
"$IG64RJD.txt","$RG64RJD.txt","55","12-14-1642 08:39:54 UTC","C : \ U s e r s \ f l a g \ D e s k t o p \ f l a g . t x t   "," f l a g . t x t   ","7cfaa86d910729f253a289e2f4562896"
"$IG8TC80.txt","$RG8TC80.txt","100","12-14-1642 08:39:57 UTC","C : \ U s e r s \ f l a g \ D e s k t o p \ f l a g . t x t   "," f l a g . t x t   ","9376fe5538aef701842f6e125964a9f1"
"$IGUW5S7.txt","$RGUW5S7.txt","101","12-14-1642 08:40:00 UTC","C : \ U s e r s \ f l a g \ D e s k t o p \ f l a g . t x t   "," f l a g . t x t   ","b3864457646b2f3b70379c71ac08a9a8"
"$IHE2HRX.txt","$RHE2HRX.txt","101","12-14-1642 08:39:56 UTC","C : \ U s e r s \ f l a g \ D e s k t o p \ f l a g . t x t   "," f l a g . t x t   ","5929c9fec7dea3ffeec1c0d27ac87d98"
"$IHRXQ2Y.txt","$RHRXQ2Y.txt","57","12-14-1642 08:40:16 UTC","C : \ U s e r s \ f l a g \ D e s k t o p \ f l a g . t x t   "," f l a g . t x t   ","6162fa4a6bd70f3f0967986a8ead00f4"
"$IIENSHP.txt","$RIENSHP.txt","103","12-14-1642 08:39:43 UTC","C : \ U s e r s \ f l a g \ D e s k t o p \ f l a g . t x t   "," f l a g . t x t   ","e676dea95705535d0d515dd2abf29252"
"$IIIY075.txt","$RIIY075.txt","56","12-14-1642 08:40:07 UTC","C : \ U s e r s \ f l a g \ D e s k t o p \ f l a g . t x t   "," f l a g . t x t   ","4e391781330bdf8a6c61b2cc485de123"
"$IISFJJQ.txt","$RISFJJQ.txt","97","12-14-1642 08:39:42 UTC","C : \ U s e r s \ f l a g \ D e s k t o p \ f l a g . t x t   "," f l a g . t x t   ","dcbf5da95032e98424b14ef83c645706"
"$IIYLT3Z.txt","$RIYLT3Z.txt","98","12-14-1642 08:39:48 UTC","C : \ U s e r s \ f l a g \ D e s k t o p \ f l a g . t x t   "," f l a g . t x t   ","b194e35002beacef32feb525638e0a49"
"$IJ9U0RR.txt","$RJ9U0RR.txt","103","12-14-1642 08:39:43 UTC","C : \ U s e r s \ f l a g \ D e s k t o p \ f l a g . t x t   "," f l a g . t x t   ","e676dea95705535d0d515dd2abf29252"
"$IJUUXYN.txt","$RJUUXYN.txt","101","12-14-1642 08:39:56 UTC","C : \ U s e r s \ f l a g \ D e s k t o p \ f l a g . t x t   "," f l a g . t x t   ","5929c9fec7dea3ffeec1c0d27ac87d98"
"$IJWBEUE.txt","$RJWBEUE.txt","123","12-14-1642 08:39:44 UTC","C : \ U s e r s \ f l a g \ D e s k t o p \ f l a g . t x t   "," f l a g . t x t   ","ce871141e53d5eb131cb8ca1663552ac"
"$IK9LJEF.txt","$RK9LJEF.txt","101","12-14-1642 08:39:59 UTC","C : \ U s e r s \ f l a g \ D e s k t o p \ f l a g . t x t   "," f l a g . t x t   ","40263b7b88510d6e73cf7374bf54701a"
"$IKK9TWO.txt","$RKK9TWO.txt","53","12-14-1642 08:40:09 UTC","C : \ U s e r s \ f l a g \ D e s k t o p \ f l a g . t x t   "," f l a g . t x t   ","8578e77bfea7b36633f4bebd611071d2"
"$IKQ5M0F.txt","$RKQ5M0F.txt","53","12-14-1642 08:40:12 UTC","C : \ U s e r s \ f l a g \ D e s k t o p \ f l a g . t x t   "," f l a g . t x t   ","82e91cde2be6988ce9b9e6c999407f94"
"$IL2QDPK.txt","$RL2QDPK.txt","55","12-14-1642 08:40:06 UTC","C : \ U s e r s \ f l a g \ D e s k t o p \ f l a g . t x t   "," f l a g . t x t   ","c9eebe932164e324dd9a8f08a34624be"
"$IL4WLXW.txt","$RL4WLXW.txt","50","12-14-1642 08:40:04 UTC","C : \ U s e r s \ f l a g \ D e s k t o p \ f l a g . t x t   "," f l a g . t x t   ","ec706d437eed73bbd601f839da406614"
"$ILD51DG.txt","$RLD51DG.txt","54","12-14-1642 08:40:05 UTC","C : \ U s e r s \ f l a g \ D e s k t o p \ f l a g . t x t   "," f l a g . t x t   ","b66bafe543a91770fbd056a2cd4b08b7"
"$ILN2HDS.txt","$RLN2HDS.txt","51","12-14-1642 08:40:14 UTC","C : \ U s e r s \ f l a g \ D e s k t o p \ f l a g . t x t   "," f l a g . t x t   ","f1d301fb7f7bbfa6f234c89563b3e961"
"$ILRXLH5.txt","$RLRXLH5.txt","56","12-14-1642 08:40:07 UTC","C : \ U s e r s \ f l a g \ D e s k t o p \ f l a g . t x t   "," f l a g . t x t   ","4e391781330bdf8a6c61b2cc485de123"
"$IM7QAYI.txt","$RM7QAYI.txt","49","12-14-1642 08:39:45 UTC","C : \ U s e r s \ f l a g \ D e s k t o p \ f l a g . t x t   "," f l a g . t x t   ","31387bdfee91e9eff1ee4f18cfdf87d6"
"$IMU3AKY.txt","$RMU3AKY.txt","97","12-14-1642 08:39:42 UTC","C : \ U s e r s \ f l a g \ D e s k t o p \ f l a g . t x t   "," f l a g . t x t   ","dcbf5da95032e98424b14ef83c645706"
"$IMZ20SR.txt","$RMZ20SR.txt","101","12-14-1642 08:39:59 UTC","C : \ U s e r s \ f l a g \ D e s k t o p \ f l a g . t x t   "," f l a g . t x t   ","40263b7b88510d6e73cf7374bf54701a"
"$IN4C62C.txt","$RN4C62C.txt","125","12-14-1642 08:40:17 UTC","C : \ U s e r s \ f l a g \ D e s k t o p \ f l a g . t x t   "," f l a g . t x t   ","5caa439e471a3f43c792d833c3748b8f"
"$IND6VW0.txt","$RND6VW0.txt","100","12-14-1642 08:40:11 UTC","C : \ U s e r s \ f l a g \ D e s k t o p \ f l a g . t x t   "," f l a g . t x t   ","0c5610f24ad2fa0b8fd86e1f6905352c"
"$ING16RB.txt","$RNG16RB.txt","50","12-14-1642 08:40:15 UTC","C : \ U s e r s \ f l a g \ D e s k t o p \ f l a g . t x t   "," f l a g . t x t   ","942b3c3c112a0478eed82e7df1bdcb68"
"$INU5TNU.txt","$RNU5TNU.txt","49","12-14-1642 08:39:45 UTC","C : \ U s e r s \ f l a g \ D e s k t o p \ f l a g . t x t   "," f l a g . t x t   ","31387bdfee91e9eff1ee4f18cfdf87d6"
"$IO7IO01.txt","$RO7IO01.txt","10","12-14-1642 08:40:18 UTC","C : \ U s e r s \ f l a g \ D e s k t o p \ f l a g . t x t   "," f l a g . t x t   ","6bba3a63f35b4da87e428f3705c19170"
"$IOFYR05.txt","$ROFYR05.txt","56","12-14-1642 08:40:02 UTC","C : \ U s e r s \ f l a g \ D e s k t o p \ f l a g . t x t   "," f l a g . t x t   ","7de512d181f9f3e0597c210898885021"
"$IOSGXAZ.txt","$ROSGXAZ.txt","53","12-14-1642 08:39:52 UTC","C : \ U s e r s \ f l a g \ D e s k t o p \ f l a g . t x t   "," f l a g . t x t   ","731c868cbc3e3dd1c22e09646dde3134"
"$IOXKN7X.txt","$ROXKN7X.txt","56","12-14-1642 08:40:08 UTC","C : \ U s e r s \ f l a g \ D e s k t o p \ f l a g . t x t   "," f l a g . t x t   ","c56bf62d7e2d7761b1be6be30f16295a"
"$IOYHHQ5.txt","$ROYHHQ5.txt","50","12-14-1642 08:39:49 UTC","C : \ U s e r s \ f l a g \ D e s k t o p \ f l a g . t x t   "," f l a g . t x t   ","95d28931b9e67cf2e39604c0d40d6c63"
"$IPD4HRC.txt","$RPD4HRC.txt","49","12-14-1642 08:39:45 UTC","C : \ U s e r s \ f l a g \ D e s k t o p \ f l a g . t x t   "," f l a g . t x t   ","31387bdfee91e9eff1ee4f18cfdf87d6"
"$IPDV01V.txt","$RPDV01V.txt","101","12-14-1642 08:39:59 UTC","C : \ U s e r s \ f l a g \ D e s k t o p \ f l a g . t x t   "," f l a g . t x t   ","40263b7b88510d6e73cf7374bf54701a"
"$IPMSABA.txt","$RPMSABA.txt","49","12-14-1642 08:39:55 UTC","C : \ U s e r s \ f l a g \ D e s k t o p \ f l a g . t x t   "," f l a g . t x t   ","28193872d0b6ae1811671b1215274f29"
"$IPWI3VK.txt","$RPWI3VK.txt","50","12-14-1642 08:39:49 UTC","C : \ U s e r s \ f l a g \ D e s k t o p \ f l a g . t x t   "," f l a g . t x t   ","95d28931b9e67cf2e39604c0d40d6c63"
"$IQ6XS48.txt","$RQ6XS48.txt","49","12-14-1642 08:39:58 UTC","C : \ U s e r s \ f l a g \ D e s k t o p \ f l a g . t x t   "," f l a g . t x t   ","00ce9b1f3dedf2548e13d20d7c0ed167"
"$IQ9QLU0.txt","$RQ9QLU0.txt","50","12-14-1642 08:40:15 UTC","C : \ U s e r s \ f l a g \ D e s k t o p \ f l a g . t x t   "," f l a g . t x t   ","942b3c3c112a0478eed82e7df1bdcb68"
"$IQPFIEQ.txt","$RQPFIEQ.txt","53","12-14-1642 08:39:52 UTC","C : \ U s e r s \ f l a g \ D e s k t o p \ f l a g . t x t   "," f l a g . t x t   ","731c868cbc3e3dd1c22e09646dde3134"
"$IQQAA2F.txt","$RQQAA2F.txt","100","12-14-1642 08:39:46 UTC","C : \ U s e r s \ f l a g \ D e s k t o p \ f l a g . t x t   "," f l a g . t x t   ","32e10bc4ab91d5768eef846ca60b5c93"
"$IR2JCOS.txt","$RR2JCOS.txt","50","12-14-1642 08:39:47 UTC","C : \ U s e r s \ f l a g \ D e s k t o p \ f l a g . t x t   "," f l a g . t x t   ","d89adc3b18caab36f8952cba64555f6f"
"$IS4YB00.txt","$RS4YB00.txt","10","12-14-1642 08:40:18 UTC","C : \ U s e r s \ f l a g \ D e s k t o p \ f l a g . t x t   "," f l a g . t x t   ","6bba3a63f35b4da87e428f3705c19170"
"$IS67SUB.txt","$RS67SUB.txt","49","12-14-1642 08:39:55 UTC","C : \ U s e r s \ f l a g \ D e s k t o p \ f l a g . t x t   "," f l a g . t x t   ","28193872d0b6ae1811671b1215274f29"
"$ISBYUOH.txt","$RSBYUOH.txt","53","12-14-1642 08:40:12 UTC","C : \ U s e r s \ f l a g \ D e s k t o p \ f l a g . t x t   "," f l a g . t x t   ","82e91cde2be6988ce9b9e6c999407f94"
"$ISTAZD1.txt","$RSTAZD1.txt","101","12-14-1642 08:40:13 UTC","C : \ U s e r s \ f l a g \ D e s k t o p \ f l a g . t x t   "," f l a g . t x t   ","bd5acfea3801be1abf4b2b9d69e848ba"
"$ISXWEK6.txt","$RSXWEK6.txt","54","12-14-1642 08:39:53 UTC","C : \ U s e r s \ f l a g \ D e s k t o p \ f l a g . t x t   "," f l a g . t x t   ","bd4a8aa7d113c4c91ae31052bac3eb6d"
"$ITB15DJ.txt","$RTB15DJ.txt","125","12-14-1642 08:40:17 UTC","C : \ U s e r s \ f l a g \ D e s k t o p \ f l a g . t x t   "," f l a g . t x t   ","5caa439e471a3f43c792d833c3748b8f"
"$ITE5TYG.txt","$RTE5TYG.txt","102","12-14-1642 08:39:40 UTC","C : \ U s e r s \ f l a g \ D e s k t o p \ f l a g . t x t   "," f l a g . t x t   ","788a382f169b949abec4bc674a419f3d"
"$ITMVJR4.txt","$RTMVJR4.txt","102","12-14-1642 08:39:40 UTC","C : \ U s e r s \ f l a g \ D e s k t o p \ f l a g . t x t   "," f l a g . t x t   ","788a382f169b949abec4bc674a419f3d"
"$ITUQ7CQ.txt","$RTUQ7CQ.txt","98","12-14-1642 08:39:48 UTC","C : \ U s e r s \ f l a g \ D e s k t o p \ f l a g . t x t   "," f l a g . t x t   ","b194e35002beacef32feb525638e0a49"
"$IU5E39M.txt","$RU5E39M.txt","123","12-14-1642 08:39:44 UTC","C : \ U s e r s \ f l a g \ D e s k t o p \ f l a g . t x t   "," f l a g . t x t   ","ce871141e53d5eb131cb8ca1663552ac"
"$IUDDG43.txt","$RUDDG43.txt","53","12-14-1642 08:40:09 UTC","C : \ U s e r s \ f l a g \ D e s k t o p \ f l a g . t x t   "," f l a g . t x t   ","8578e77bfea7b36633f4bebd611071d2"
"$IUG82GT.txt","$RUG82GT.txt","10","12-14-1642 08:40:18 UTC","C : \ U s e r s \ f l a g \ D e s k t o p \ f l a g . t x t   "," f l a g . t x t   ","6bba3a63f35b4da87e428f3705c19170"
"$IUIEHU7.txt","$RUIEHU7.txt","98","12-14-1642 08:39:50 UTC","C : \ U s e r s \ f l a g \ D e s k t o p \ f l a g . t x t   "," f l a g . t x t   ","8da7f328f3939e8d84187d9fa3b190a1"
"$IUQNBS2.txt","$RUQNBS2.txt","53","12-14-1642 08:40:09 UTC","C : \ U s e r s \ f l a g \ D e s k t o p \ f l a g . t x t   "," f l a g . t x t   ","8578e77bfea7b36633f4bebd611071d2"
"$IUSDLBT.txt","$RUSDLBT.txt","100","12-14-1642 08:39:46 UTC","C : \ U s e r s \ f l a g \ D e s k t o p \ f l a g . t x t   "," f l a g . t x t   ","32e10bc4ab91d5768eef846ca60b5c93"
"$IUYP5MU.txt","$RUYP5MU.txt","54","12-14-1642 08:40:05 UTC","C : \ U s e r s \ f l a g \ D e s k t o p \ f l a g . t x t   "," f l a g . t x t   ","b66bafe543a91770fbd056a2cd4b08b7"
"$IV05A2U.txt","$RV05A2U.txt","101","12-14-1642 08:40:00 UTC","C : \ U s e r s \ f l a g \ D e s k t o p \ f l a g . t x t   "," f l a g . t x t   ","b3864457646b2f3b70379c71ac08a9a8"
"$IV6X20I.txt","$RV6X20I.txt","49","12-14-1642 08:40:03 UTC","C : \ U s e r s \ f l a g \ D e s k t o p \ f l a g . t x t   "," f l a g . t x t   ","72ccbd51593cb6d2c1b2a5b1b5d025af"
"$IW14HF1.txt","$RW14HF1.txt","100","12-14-1642 08:39:57 UTC","C : \ U s e r s \ f l a g \ D e s k t o p \ f l a g . t x t   "," f l a g . t x t   ","9376fe5538aef701842f6e125964a9f1"
"$IW1WPZX.txt","$RW1WPZX.txt","102","12-14-1642 08:39:40 UTC","C : \ U s e r s \ f l a g \ D e s k t o p \ f l a g . t x t   "," f l a g . t x t   ","788a382f169b949abec4bc674a419f3d"
"$IWKOHFD.txt","$RWKOHFD.txt","56","12-14-1642 08:40:02 UTC","C : \ U s e r s \ f l a g \ D e s k t o p \ f l a g . t x t   "," f l a g . t x t   ","7de512d181f9f3e0597c210898885021"
"$IWS5CL5.txt","$RWS5CL5.txt","50","12-14-1642 08:40:04 UTC","C : \ U s e r s \ f l a g \ D e s k t o p \ f l a g . t x t   "," f l a g . t x t   ","ec706d437eed73bbd601f839da406614"
"$IXEGH08.txt","$RXEGH08.txt","100","12-14-1642 08:39:46 UTC","C : \ U s e r s \ f l a g \ D e s k t o p \ f l a g . t x t   "," f l a g . t x t   ","32e10bc4ab91d5768eef846ca60b5c93"
"$IXWYRKV.txt","$RXWYRKV.txt","50","12-14-1642 08:40:15 UTC","C : \ U s e r s \ f l a g \ D e s k t o p \ f l a g . t x t   "," f l a g . t x t   ","942b3c3c112a0478eed82e7df1bdcb68"
"$IYQJIUH.txt","$RYQJIUH.txt","53","12-14-1642 08:39:52 UTC","C : \ U s e r s \ f l a g \ D e s k t o p \ f l a g . t x t   "," f l a g . t x t   ","731c868cbc3e3dd1c22e09646dde3134"
"$IZ3RIQE.txt","$RZ3RIQE.txt","55","12-14-1642 08:40:06 UTC","C : \ U s e r s \ f l a g \ D e s k t o p \ f l a g . t x t   "," f l a g . t x t   ","c9eebe932164e324dd9a8f08a34624be"
"$IZ9EJJK.txt","$RZ9EJJK.txt","54","12-14-1642 08:39:53 UTC","C : \ U s e r s \ f l a g \ D e s k t o p \ f l a g . t x t   "," f l a g . t x t   ","bd4a8aa7d113c4c91ae31052bac3eb6d"
"$R08ZI07.txt IS NOT A PROPER $I FILE"
"$R198LLE.txt IS NOT A PROPER $I FILE"
"$R1D6OCR.txt IS NOT A PROPER $I FILE"
"$R1MMUNX.txt IS NOT A PROPER $I FILE"
"$R2J48PI.txt IS NOT A PROPER $I FILE"
"$R2ZP91D.txt IS NOT A PROPER $I FILE"
"$R3B7EP8.txt IS NOT A PROPER $I FILE"
"$R3O4FNO.txt IS NOT A PROPER $I FILE"
"$R3Y2C18.txt IS NOT A PROPER $I FILE"
"$R467CFX.txt IS NOT A PROPER $I FILE"
"$R4S3J0O.txt IS NOT A PROPER $I FILE"
"$R4VJ9VP.txt IS NOT A PROPER $I FILE"
"$R59AMQZ.txt IS NOT A PROPER $I FILE"
"$R5F20WX.txt IS NOT A PROPER $I FILE"
"$R5HCDNO.txt IS NOT A PROPER $I FILE"
"$R5RPN3M.txt IS NOT A PROPER $I FILE"
"$R60PUB8.txt IS NOT A PROPER $I FILE"
"$R61YGX7.txt IS NOT A PROPER $I FILE"
"$R65140O.txt IS NOT A PROPER $I FILE"
"$R6676MD.txt IS NOT A PROPER $I FILE"
"$R7QCZXB.txt IS NOT A PROPER $I FILE"
"$R7UPDZU.txt IS NOT A PROPER $I FILE"
"$R8Q6O5D.txt IS NOT A PROPER $I FILE"
"$R90UOKS.txt IS NOT A PROPER $I FILE"
"$RA88SVT.txt IS NOT A PROPER $I FILE"
"$RC04FJS.txt IS NOT A PROPER $I FILE"
"$RCVE4M2.txt IS NOT A PROPER $I FILE"
"$RD557GC.txt IS NOT A PROPER $I FILE"
"$RDEBQ1M.txt IS NOT A PROPER $I FILE"
"$RDWR2DY.txt IS NOT A PROPER $I FILE"
"$RE0RMKA.txt IS NOT A PROPER $I FILE"
"$REXEX7I.txt IS NOT A PROPER $I FILE"
"$RG8TC80.txt IS NOT A PROPER $I FILE"
"$RGUW5S7.txt IS NOT A PROPER $I FILE"
"$RHRXQ2Y.txt IS NOT A PROPER $I FILE"
"$RIENSHP.txt IS NOT A PROPER $I FILE"
"$RIIY075.txt IS NOT A PROPER $I FILE"
"$RISFJJQ.txt IS NOT A PROPER $I FILE"
"$RIYLT3Z.txt IS NOT A PROPER $I FILE"
"$RJUUXYN.txt IS NOT A PROPER $I FILE"
"$RK9LJEF.txt IS NOT A PROPER $I FILE"
"$RKQ5M0F.txt IS NOT A PROPER $I FILE"
"$RLD51DG.txt IS NOT A PROPER $I FILE"
"$RLN2HDS.txt IS NOT A PROPER $I FILE"
"$RLRXLH5.txt IS NOT A PROPER $I FILE"
"$RM7QAYI.txt IS NOT A PROPER $I FILE"
"$RMZ20SR.txt IS NOT A PROPER $I FILE"
"$RN4C62C.txt IS NOT A PROPER $I FILE"
"$RND6VW0.txt IS NOT A PROPER $I FILE"
"$RNG16RB.txt IS NOT A PROPER $I FILE"
"$ROFYR05.txt IS NOT A PROPER $I FILE"
"$ROSGXAZ.txt IS NOT A PROPER $I FILE"
"$ROXKN7X.txt IS NOT A PROPER $I FILE"
"$RPD4HRC.txt IS NOT A PROPER $I FILE"
"$RPMSABA.txt IS NOT A PROPER $I FILE"
"$RPWI3VK.txt IS NOT A PROPER $I FILE"
"$RQ6XS48.txt IS NOT A PROPER $I FILE"
"$RS4YB00.txt IS NOT A PROPER $I FILE"
"$RSBYUOH.txt IS NOT A PROPER $I FILE"
"$RSXWEK6.txt IS NOT A PROPER $I FILE"
"$RTB15DJ.txt IS NOT A PROPER $I FILE"
"$RTE5TYG.txt IS NOT A PROPER $I FILE"
"$RTUQ7CQ.txt IS NOT A PROPER $I FILE"
"$RU5E39M.txt IS NOT A PROPER $I FILE"
"$RUDDG43.txt IS NOT A PROPER $I FILE"
"$RUG82GT.txt IS NOT A PROPER $I FILE"
"$RUQNBS2.txt IS NOT A PROPER $I FILE"
"$RUSDLBT.txt IS NOT A PROPER $I FILE"
"$RUYP5MU.txt IS NOT A PROPER $I FILE"
"$RV6X20I.txt IS NOT A PROPER $I FILE"
"$RW14HF1.txt IS NOT A PROPER $I FILE"
"$RW1WPZX.txt IS NOT A PROPER $I FILE"
"$RWKOHFD.txt IS NOT A PROPER $I FILE"
"$RWS5CL5.txt IS NOT A PROPER $I FILE"
"$RXEGH08.txt IS NOT A PROPER $I FILE"
"$RXWYRKV.txt IS NOT A PROPER $I FILE"
"$RYQJIUH.txt IS NOT A PROPER $I FILE"
"$RZ3RIQE.txt IS NOT A PROPER $I FILE"
